is;ferdatimi_skoli;styrikerfi_simi;aramotaskaupid;ferdamati_skoli;hljodfaeri;morgunmatur;fri;systkini_fjoldi;dyr;tonleikar;feministi;tiktok;staerdfraedi_gaman;tannrettingar;oktoberfest;smjor_kostar;havaxnari;napoleon_faeddur;stefnumot;nemendur_fjoldi;ananas_pizza;rektor_laun;stjornumerki;fjoldi_bila;skemmtilegur;spotify_minutur;utsriftarferd;messi_staerd;kosid;likamsraekt_dagar;fjoldi_tungumala;skemmtileg_konnun;namskeid
Vanilla;20;iOS;0;Með einkabíl;Rangt;Rangt;Sólarferð á amerísku ströndina á Tenerife;4;Ketti;Gugusar;Rangt;Rangt;10;Rétt;Rangt;2000;Sigrún Helga;1886;Á kaffihús;60;Rétt;1500000;Rangt;4;Villi;18000;Rangt;173;Rétt;4;5;Já;STÆ203
Súkkulaði;20;iOS;7;Með einkabíl;Rétt;Rangt;Skíðaferð til Selva í Ítalíu;0;Ketti;Aron Can;Rétt;Rangt;9;Rangt;Rétt;;Sigrún Helga;1769;Á ísrúnt;241;Rangt;3000000;Rangt;3;Sveppi;40000;Rétt;170;Rétt;3;2;Já;STÆ203
Jarðaberja;15;Android;7;Með einkabíl;Rétt;Rétt;Sólarferð á amerísku ströndina á Tenerife;1;Hunda;Bríet;Rétt;Rangt;9;Rangt;Rangt;750;Sigrún Helga;1750;Á kaffihús;30;Rangt;1100000;Rangt;2;Villi;8397;Rétt;170;Rétt;3;2;Já;STÆ203
Vanilla;20;iOS;1;Með einkabíl;Rangt;Rangt;Sólarferð á amerísku ströndina á Tenerife;2;Hunda;Aron Can;Rétt;Rétt;8;Rangt;Rétt;700;Anna Helga;1784;Á ísrúnt;150;Rangt;2800000;Rangt;2;Villi;8000;Rétt;168;Rangt;6;3;Nei;STÆ203
Súkkulaði;60;iOS;6;Með strætó;Rangt;Rangt;Tónleikaferð til Roskilde í Danmörku;1;Hunda;Gugusar;Rétt;Rangt;8;Rangt;Rangt;;Sigrún Helga;1781;Á kaffihús;200;Rangt;6000000;Rangt;3;Sveppi;80565;Rangt;161;Rétt;3;2;Já;STÆ203
Súkkulaði;8;iOS;3;Með einkabíl;Rangt;Rétt;Sólarferð á amerísku ströndina á Tenerife;3;Hunda;Bríet;Rangt;Rangt;7;Rétt;Rangt;800;Anna Helga;1778;Á ísrúnt;238;Rangt;1300000;Rangt;1;Sveppi;43045;Rétt;170;Rangt;3;2;Nei;STÆ203
Jarðaberja;12;Android;101;Gangandi / skokkandi;Rétt;Rétt;;2;Ketti;;Rétt;Rangt;3,1416;Rangt;Rangt;700;Anna Helga,Sigrún Helga;1870;Á ísrúnt;125;Rangt;1500000;Rangt;3,1;Gói;85600;Rétt;160;Rétt;-999999;2;Já;STÆ203
Vanilla;15;Android;4;Með einkabíl;Rangt;Rangt;Skíðaferð til Selva í Ítalíu;3;Hunda;Bríet;Rétt;Rangt;10;Rétt;Rangt;;Anna Helga;1769;Í fjallgöngu;125;Rangt;1500000;Rangt;2;Villi;0;Rangt;170;Rétt;5;3;Já;STÆ203
Vanilla;30;Android;9;Með einkabíl;Rangt;Rangt;Sólarferð á amerísku ströndina á Tenerife;2;Hunda;Aron Can;Rétt;Rangt;-10;Rétt;Rétt;450;Anna Helga;1700;Á kaffihús;200;Rétt;3000000;Rangt;3;Gói;25000;Rétt;150;Rétt;4;4;Nei;STÆ203
Súkkulaði;15;iOS;7;Með einkabíl;Rangt;Rétt;Sólarferð á amerísku ströndina á Tenerife;2;Hunda;Gugusar;Rétt;Rangt;9;Rangt;Rangt;1100;Anna Helga;1779;Á kaffihús;208;Rangt;1000000;Rangt;2;Sveppi;50000;Rétt;169;Rétt;4;3;Já;STÆ203
Súkkulaði;42;Android;4;Með einkabíl;Rangt;Rétt;Sólarferð á amerísku ströndina á Tenerife;5;Hunda;Aron Can;Rétt;Rangt;7;Rangt;Rangt;437;Anna Helga;1767;Á ísrúnt;257;Rétt;800000;Rétt;2;Sveppi;5966;Rangt;174;Rétt;0;4;Já;STÆ203
Súkkulaði;20;iOS;6,9;Með einkabíl;Rangt;Rétt;Skíðaferð til Selva í Ítalíu;2;Hunda;Aron Can;Rétt;Rangt;7,5;Rétt;Rétt;1490;Anna Helga;1739;Á ísrúnt;201;Rangt;821000;Rangt;3;Sveppi;20000;Rétt;169;Rangt;4,5;3,25;Já;STÆ203
Jarðaberja;7;Android;7;Gangandi / skokkandi;Rétt;Rétt;Skíðaferð til Selva í Ítalíu;3;Hunda;Gugusar;Rétt;Rangt;7;Rangt;Rangt;279;Anna Helga;1551;Á ísrúnt;124;Rétt;1100000;Rangt;1;Gói;18186;Rétt;179;Rétt;0;4;Já;STÆ203
Súkkulaði;;iOS;8;Gangandi / skokkandi;Rangt;Rangt;Sólarferð á amerísku ströndina á Tenerife;2;Ketti;Aron Can;Rétt;Rangt;7;Rangt;Rétt;237;Anna Helga;1769;Á ísrúnt;170;Rétt;1500000;Rangt;8;Villi;1849;Rangt;170;Rétt;3;3;Nei;STÆ203
Vanilla;15;Android;8;Með einkabíl;Rétt;Rétt;Skíðaferð til Selva í Ítalíu;2;Hunda;Bríet;Rétt;Rangt;9;Rangt;Rangt;1400;Anna Helga;1698;Á ísrúnt;150;Rétt;800000;Rangt;2;Villi;27000;Rangt;170;Rétt;1;3;Já;STÆ203
Jarðaberja;25;iOS;5;Með einkabíl;Rangt;Rangt;Skíðaferð til Selva í Ítalíu;2;Hunda;Aron Can;Rétt;Rétt;7;Rangt;Rétt;;Anna Helga;1769;Í bíó;323;Rétt;1500000;Rangt;3;Gói;25336;Rétt;165;Rétt;4;3;Já;STÆ203
Vanilla;25;iOS;8,5;Með einkabíl;Rétt;Rétt;Tónleikaferð til Roskilde í Danmörku;2;Hunda;Bríet;Rétt;Rangt;8;Rangt;Rangt;1200;Anna Helga;1769;Á kaffihús;276;Rangt;1190000;Rangt;2;Gói;38467;Rangt;170;Rétt;0;6;Já;STÆ203
Súkkulaði;50;;50;Með einkabíl;Rangt;Rétt;Skíðaferð til Selva í Ítalíu;0;Hunda;Aron Can;Rétt;Rangt;8;Rétt;Rétt;329;Anna Helga;1769;Á kaffihús;237;Rétt;1350000;Rétt;3;Villi;75000;Rétt;178;Rétt;3;3;Já;STÆ203
Vanilla;15;Android;7;Með einkabíl;Rangt;Rétt;Skíðaferð til Selva í Ítalíu;0;Hunda;Gugusar;Rétt;Rangt;9;Rangt;Rétt;754;Anna Helga;1756;Á kaffihús;238;Rangt;1200000;Rangt;1;Villi;8962;Rétt;173;Rangt;3;3;Já;STÆ203
Jarðaberja;25;Android;6;Með einkabíl;Rangt;Rangt;Skíðaferð til Selva í Ítalíu;5;Ketti;Bríet;Rétt;Rétt;7;Rangt;Rangt;;Anna Helga;1754;Á kaffihús;320;Rangt;1500000;Rétt;1;Sveppi;7877;Rangt;171;Rétt;3;2;Já;STÆ203
Súkkulaði;15;iOS;3;Gangandi / skokkandi;Rétt;Rangt;Skíðaferð til Selva í Ítalíu;1;Hunda;Gugusar;Rétt;Rangt;10;Rangt;Rétt;890;Anna Helga;1700;Í fjallgöngu;200;Rangt;1200000;Rangt;3;Sveppi;50356;Rétt;170;Rétt;1;4;Já;STÆ203
Súkkulaði;16;Android;7;Gangandi / skokkandi;Rangt;Rangt;Tónleikaferð til Roskilde í Danmörku;1;Ketti;Gugusar;Rétt;Rangt;8;Rétt;Rétt;742;Anna Helga;1758;Í fjallgöngu;214;Rangt;1253976;Rangt;0;Gói;12158;Rétt;164;Rétt;5;2;Já;STÆ203
Jarðaberja;5;iOS;5;Gangandi / skokkandi;Rangt;Rétt;Skíðaferð til Selva í Ítalíu;3;Ketti;Aron Can;Rétt;Rangt;4;Rétt;Rétt;300;Anna Helga;100;Á ísrúnt;200;Rétt;4000000;Rangt;2;Sveppi;16000;Rétt;174;Rangt;5;4;Já;STÆ203
Súkkulaði;3;iOS;6;Með einkabíl;Rétt;Rangt;Skíðaferð til Selva í Ítalíu;1;Hunda;Aron Can;Rétt;Rétt;8;Rétt;Rangt;500;Anna Helga;1802;Í fjallgöngu;130;Rétt;1000000;Rangt;3;Sveppi;39761;Rétt;160;Rétt;3;3;Já;STÆ203
Jarðaberja;8;iOS;10;Með einkabíl;Rangt;Rangt;Skíðaferð til Selva í Ítalíu;4;Hunda;Gugusar;Rétt;Rétt;6;Rétt;Rangt;570;Anna Helga;1840;Í fjallgöngu;130;Rétt;1500000;Rétt;4;Sveppi;49538;Rangt;158;Rétt;1;2;Já;STÆ203
Súkkulaði;40;iOS;7;Með strætó;Rétt;Rétt;Skíðaferð til Selva í Ítalíu;1;Ketti;Aron Can;Rétt;Rangt;6;Rangt;Rétt;600;Anna Helga;1763;Í fjallgöngu;238;Rétt;1000000;Rangt;1;Gói;22000;Rétt;167;Rétt;4;3;Já;STÆ203
Vanilla;6;iOS;6;Með einkabíl;Rangt;Rangt;Skíðaferð til Selva í Ítalíu;7;Ketti;Aron Can;Rétt;Rétt;8,5;Rétt;Rétt;469;Anna Helga;1762;Á ísrúnt;180;Rangt;1200000;Rétt;3;Sveppi;33000;Rétt;153;Rangt;4;3;Já;STÆ203
Súkkulaði;30;Android;7;Með einkabíl;Rétt;Rétt;Tónleikaferð til Roskilde í Danmörku;2;Hunda;Bríet;Rétt;Rangt;9;Rétt;Rangt;300;Anna Helga;1769;Í bíó;160;Rangt;1800000;Rétt;4;Sveppi;23000;Rétt;160;Rangt;2;5;Já;STÆ203
Súkkulaði;;iOS;6;Með einkabíl;Rangt;Rangt;Skíðaferð til Selva í Ítalíu;4;Hunda;Aron Can;Rétt;Rétt;7;Rétt;Rétt;;Anna Helga;1769;Á kaffihús;140;Rangt;1600000;Rétt;3;Sveppi;20000;Rangt;165;Rétt;4;4;Já;STÆ203
Súkkulaði;20;iOS;7;Með einkabíl;Rangt;Rangt;Skíðaferð til Selva í Ítalíu;1;Hunda;Aron Can;Rétt;Rétt;8;Rangt;Rétt;560;Anna Helga;1700;Á ísrúnt;120;Rétt;1000000;Rétt;3;Gói;15605;Rangt;165;Rétt;4;4;Já;STÆ203
Súkkulaði;20;iOS;7;Með einkabíl;Rangt;Rangt;Skíðaferð til Selva í Ítalíu;2;Hunda;Bríet;Rangt;Rangt;9;Rangt;Rétt;569;Anna Helga;1800;Á ísrúnt;100;Rangt;1800000;Rangt;3;Sveppi;28000;Rétt;175;Rétt;3;9;Já;STÆ203
Vanilla;30;iOS;4;Með einkabíl;Rétt;Rangt;Skíðaferð til Selva í Ítalíu;4;Hunda;Aron Can;Rangt;Rétt;8;Rétt;Rétt;759;Anna Helga;1769;Á ísrúnt;310;Rangt;1900000;Rangt;7;Villi;49000;Rétt;170;Rangt;3;4;Já;STÆ203
Súkkulaði;40;iOS;7;Með einkabíl;Rangt;Rangt;Skíðaferð til Selva í Ítalíu;4;Ketti;Aron Can;Rétt;Rangt;10;Rangt;Rangt;760;Anna Helga;1769;Á kaffihús;50;Rangt;1500000;Rangt;2;Sveppi;8000;Rétt;160;Rangt;10;0;Nei;STÆ203
Vanilla;15;iOS;5;Með einkabíl;Rangt;Rangt;Sólarferð á amerísku ströndina á Tenerife;0;Hunda;Aron Can;Rangt;Rangt;8;Rangt;Rétt;;Anna Helga;1735;Í bíó;201;Rétt;1400000;Rétt;2;Sveppi;7258;Rangt;170;Rangt;4;4;Já;STÆ203
Jarðaberja;45;iOS;8;Með einkabíl;Rangt;Rangt;Skíðaferð til Selva í Ítalíu;1;Hunda;Aron Can;Rangt;Rangt;6;Rangt;Rangt;759;Anna Helga;1874;Á kaffihús;150;Rétt;2500000;Rangt;3;Sveppi;2500;Rétt;175;Rangt;0;2;Já;STÆ203
Vanilla;20;iOS;8;Á hjóli / rafhlaupahjóli;Rétt;Rétt;Sólarferð á amerísku ströndina á Tenerife;5;Ketti;Aron Can;Rangt;Rétt;9;Rangt;Rangt;780;Anna Helga;1945;Í bíó;130;Rangt;;Rangt;1;Sveppi;120;Rétt;145;Rangt;5;3;Já;STÆ203
Vanilla;15;iOS;3;Með einkabíl;Rangt;Rétt;Sólarferð á amerísku ströndina á Tenerife;5;Ketti;Aron Can;Rétt;Rétt;9;Rétt;Rétt;;Anna Helga;1700;Á ísrúnt;205;Rétt;1000000;Rangt;2;Sveppi;27000;Rétt;165;Rétt;3;2;Já;STÆ203
Jarðaberja;5;iOS;6;Gangandi / skokkandi;Rétt;Rétt;Skíðaferð til Selva í Ítalíu;2;Hunda;Aron Can;Rangt;Rétt;7;Rangt;Rangt;250;Anna Helga;1796;Á ísrúnt;250;Rétt;2400000;Rangt;3;Sveppi;94000;Rétt;168;Rétt;3;2;Já;STÆ203
Vanilla;5;iOS;6;Gangandi / skokkandi;Rétt;Rangt;Skíðaferð til Selva í Ítalíu;0;Ketti;Aron Can;Rétt;Rétt;3;Rétt;Rétt;487;Anna Helga;1769;Á ísrúnt;200;Rangt;600;Rétt;2;Gói;2184;Rangt;166;Rétt;1;2,5;Já;STÆ203
Súkkulaði;5;Android;7,45;Með einkabíl;Rangt;Rangt;Sólarferð á amerísku ströndina á Tenerife;8;Hunda;Aron Can;Rétt;Rangt;7;Rétt;Rangt;729;Anna Helga;1690;Á ísrúnt;250;Rétt;100000;Rangt;2;Sveppi;300000;Rétt;174;Rangt;8;6;Nei;STÆ203
Jarðaberja;8;iOS;8;Með einkabíl;Rétt;Rangt;Sólarferð á amerísku ströndina á Tenerife;3;Hunda;Aron Can;Rangt;Rétt;6;Rétt;Rétt;699;Anna Helga;1890;Á kaffihús;238;Rétt;1400000;Rangt;4;Sveppi;80000;Rétt;165;Rétt;5;4;Já;STÆ203
Vanilla;30;iOS;6;Með strætó;Rangt;Rangt;Tónleikaferð til Roskilde í Danmörku;1;Ketti;Bríet;Rétt;Rétt;5;Rétt;Rétt;760;Anna Helga;1738;Á kaffihús;160;Rangt;1600000;Rétt;3;Gói;20000;Rétt;170;Rétt;3;3;Já;STÆ203
Jarðaberja;25;iOS;7;Með einkabíl;Rangt;Rangt;Skíðaferð til Selva í Ítalíu;0,8;Ketti;Bríet;Rétt;Rétt;6;Rétt;Rétt;640;Anna Helga;1726;Á ísrúnt;97;Rétt;12000000;Rangt;4;Sveppi;100000;Rétt;189;Rétt;5;3;Nei;STÆ203
Vanilla;40;iOS;5;Með strætó;Rétt;Rétt;Skíðaferð til Selva í Ítalíu;3;Hunda;Aron Can;Rétt;Rétt;6;Rétt;Rangt;499;Anna Helga;1818;Á ísrúnt;232;Rétt;400000;Rétt;3;Gói;35000;Rangt;168;Rétt;2;3;Já;STÆ203
Súkkulaði;5;iOS;8;Með einkabíl;Rétt;Rétt;Skíðaferð til Selva í Ítalíu;4;Hunda;Gugusar;Rangt;Rangt;7;Rangt;Rétt;899;Anna Helga;3141,5;Á kaffihús;120;Rétt;2300000;Rangt;4;Sveppi;8829200;Rétt;142;Rétt;2;4;Nei;STÆ203
Jarðaberja;20;iOS;7;Með einkabíl;Rangt;Rétt;Sólarferð á amerísku ströndina á Tenerife;3;Ketti;Bríet;Rétt;Rangt;8;Rétt;Rangt;295;Sigrún Helga;1740;Í bíó;220;Rangt;600000;Rangt;2;Villi;62904;Rangt;161;Rétt;6;3;Já;STÆ203
Vanilla;56;iOS;6;Með strætó;Rangt;Rétt;Skíðaferð til Selva í Ítalíu;2;Ketti;Aron Can;Rétt;Rangt;8;Rétt;Rangt;750;Anna Helga;1729;Á ísrúnt;280;Rangt;950000;Rangt;2;Sveppi;25734;Rangt;158;Rétt;6;5;Já;STÆ203
Vanilla;8;iOS;7;Með einkabíl;Rangt;Rétt;Sólarferð á amerísku ströndina á Tenerife;4;Hunda;Aron Can;Rangt;Rangt;7;Rangt;Rétt;499;Anna Helga;1800;Á kaffihús;238;Rétt;1700000;Rangt;7;Sveppi;60000;Rétt;169;Rétt;4;4;Já;STÆ203
Vanilla;30;iOS;7;Með einkabíl;Rétt;Rangt;Skíðaferð til Selva í Ítalíu;3;Hunda;Aron Can;Rétt;Rétt;8;Rétt;Rangt;630;Anna Helga;1769;Í bíó;263;Rangt;700000;Rangt;7;Gói;13000;Rétt;1,65;Rangt;0,5;2;Já;STÆ203
Súkkulaði;15;iOS;6;Með einkabíl;Rétt;Rétt;Sólarferð á amerísku ströndina á Tenerife;1;Hunda;Aron Can;Rétt;Rangt;9;Rétt;Rétt;789;Anna Helga;1769;Í fjallgöngu;298;Rétt;1500000;Rétt;2;Sveppi;22000;Rétt;180;Rétt;5;4;Já;STÆ203
Vanilla;20;Android;8;Með einkabíl;Rangt;Rangt;Sólarferð á amerísku ströndina á Tenerife;2;Hunda;Aron Can;Rétt;Rétt;8;Rétt;Rétt;647;Anna Helga;1769;Í fjallgöngu;265;Rangt;700000;Rangt;3;Sveppi;47000;Rangt;168;Rétt;3;2;Já;STÆ203
Súkkulaði;20;iOS;8,5;Með einkabíl;Rétt;Rétt;Skíðaferð til Selva í Ítalíu;1;Hunda;Bríet;Rétt;Rangt;7;Rétt;Rangt;427;Anna Helga;1700;Á kaffihús;333;Rétt;1100000;Rétt;3;Sveppi;50;Rétt;143;Rétt;1;2;Já;STÆ203
Súkkulaði;30;iOS;5;Með einkabíl;Rétt;Rétt;Skíðaferð til Selva í Ítalíu;2;Hunda;Bríet;Rétt;Rétt;10;Rangt;Rétt;400;Anna Helga;1769;Í fjallgöngu;278;Rangt;1000000;Rétt;3;Sveppi;33759;Rangt;168;Rétt;6;3;Já;STÆ203
Súkkulaði;15;Android;;Gangandi / skokkandi;Rétt;Rangt;Skíðaferð til Selva í Ítalíu;2;Ketti;Bríet;Rétt;Rangt;9;Rétt;Rangt;;Anna Helga;1820;Á kaffihús;100;Rétt;750000;Rangt;1;Gói;23763;Rangt;170;Rétt;4;3;Já;STÆ203
Súkkulaði;6;iOS;6;Með einkabíl;Rétt;Rangt;Sólarferð á amerísku ströndina á Tenerife;3;Ketti;Aron Can;Rétt;Rétt;7;Rétt;Rétt;350;Anna Helga;1740;Á ísrúnt;200;Rétt;120000;Rangt;1;Sveppi;23541;Rangt;163;Rétt;5;2;Já;STÆ203
Jarðaberja;20;iOS;6;Með einkabíl;Rangt;Rangt;Skíðaferð til Selva í Ítalíu;2;Ketti;Aron Can;Rétt;Rangt;7;Rangt;Rangt;659;Sigrún Helga;1769;Á ísrúnt;238;Rangt;1200000;Rangt;3;Sveppi;56000;Rétt;165;Rétt;1;2;Já;STÆ203
Súkkulaði;30;iOS;6,5;Með einkabíl;Rangt;Rétt;Skíðaferð til Selva í Ítalíu;10;Hunda;Aron Can;Rétt;Rétt;6;Rétt;Rétt;380;Anna Helga;1777;Á ísrúnt;80;Rétt;1,6;Rétt;3;Sveppi;1800;Rétt;160;Rétt;3;3;Já;STÆ203
Súkkulaði;25;iOS;6;Með einkabíl;Rangt;Rangt;Sólarferð á amerísku ströndina á Tenerife;2;Hunda;Bríet;Rétt;Rangt;7;Rangt;Rétt;500;Anna Helga;1700;Á ísrúnt;200;Rangt;700000;Rangt;3;Sveppi;57000;Rangt;169;Rétt;6;4;Já;STÆ203
Súkkulaði;12;iOS;3;Með einkabíl;Rangt;Rétt;Skíðaferð til Selva í Ítalíu;2;Hunda;Aron Can;Rétt;Rétt;8;Rétt;Rétt;649;Anna Helga;1767;Á ísrúnt;121;Rétt;1000000;Rangt;2;Sveppi;25936;Rangt;169;Rétt;2;2;Já;STÆ203
Vanilla;30;iOS;8;Með einkabíl;Rétt;Rangt;Skíðaferð til Selva í Ítalíu;2;Hunda;Aron Can;Rangt;Rangt;8;Rangt;Rangt;350;Anna Helga;1600;Á kaffihús;250;Rangt;1750000;Rangt;8;Sveppi;50000;Rangt;157;Rétt;5;2;Já;STÆ203
Súkkulaði;18;iOS;6;Með einkabíl;Rangt;Rangt;Sólarferð á amerísku ströndina á Tenerife;7;Hunda;Aron Can;Rétt;Rangt;3;Rangt;Rétt;749;Anna Helga;1769;Á kaffihús;143;Rétt;850000;Rangt;2;Sveppi;32613;Rétt;170;Rangt;2;3;Já;STÆ203
Vanilla;20;iOS;8,5;Með einkabíl;Rangt;Rétt;Tónleikaferð til Roskilde í Danmörku;7;Ketti;Aron Can;Rétt;Rétt;7;Rétt;Rétt;549;Anna Helga;1769;Í bíó;238;Rangt;1200000;Rangt;4;Sveppi;25000;Rétt;171;Rangt;5;2;Já;STÆ203
Jarðaberja;35;Android;7;Með einkabíl;Rangt;Rétt;Sólarferð á amerísku ströndina á Tenerife;1;Hunda;Aron Can;Rétt;Rangt;4;Rangt;Rangt;700;Anna Helga;1818;Á ísrúnt;120;Rangt;1500000;Rétt;3;Sveppi;46000;Rangt;170;Rétt;3;4;Já;STÆ203
Súkkulaði;4;iOS;7;Með einkabíl;Rétt;Rétt;Sólarferð á amerísku ströndina á Tenerife;2;Hunda;Aron Can;Rétt;Rétt;7;Rangt;Rangt;250;Anna Helga;1750;Á ísrúnt;350;Rangt;650000;Rétt;1;Gói;25154;Rangt;168;Rétt;6;2;Já;STÆ203
Jarðaberja;20;iOS;7;Með einkabíl;Rétt;Rangt;Sólarferð á amerísku ströndina á Tenerife;1;Hunda;Bríet;Rétt;Rétt;8;Rétt;Rangt;825;Anna Helga;1854;Á kaffihús;205;Rétt;960000;Rangt;1;Sveppi;37000;Rangt;169;Rétt;4;3;Já;STÆ203
Súkkulaði;25;iOS;3;Með einkabíl;Rétt;Rangt;Skíðaferð til Selva í Ítalíu;3;Hunda;Bríet;Rétt;Rétt;8;Rangt;Rangt;400;Anna Helga;1860;Á kaffihús;230;Rangt;1000000;Rangt;4;Sveppi;30000;Rétt;175;Rétt;2;2;Já;STÆ203
Vanilla;4;Android;7;Með einkabíl;Rétt;Rangt;Tónleikaferð til Roskilde í Danmörku;5;Hunda;Gugusar;Rétt;Rétt;8;Rangt;Rangt;530;Anna Helga;1768;Á kaffihús;250;Rétt;1200000;Rétt;3;Sveppi;27663;Rétt;168;Rétt;7;2;Já;STÆ203
Vanilla;17;iOS;0,5;Með einkabíl;Rangt;Rétt;Sólarferð á amerísku ströndina á Tenerife;2;Hunda;Aron Can;Rétt;Rétt;10,5;Rangt;Rétt;546;Anna Helga;1530;Á ísrúnt;99;Rétt;1240000;Rétt;2;Sveppi;96000;Rangt;169;Rétt;2;3;Já;STÆ203
Vanilla;13;iOS;6;Með einkabíl;Rétt;Rétt;Skíðaferð til Selva í Ítalíu;3;Hunda;Bríet;Rétt;Rétt;9;Rétt;Rétt;359;Anna Helga;1120;Í fjallgöngu;252;Rétt;2,2;Rangt;4;Gói;17000;Rétt;171;Rétt;2;2;Já;STÆ203
Súkkulaði;10;iOS;7;Með einkabíl;Rangt;Rétt;Sólarferð á amerísku ströndina á Tenerife;2;Hunda;Aron Can;Rétt;Rangt;7;Rangt;Rétt;340;Anna Helga;1820;Á ísrúnt;160;Rétt;1300000;Rangt;4;Sveppi;17458;Rétt;170;Rétt;2;2;Já;STÆ203
Súkkulaði;25;Android;3;Með einkabíl;Rangt;Rétt;Sólarferð á amerísku ströndina á Tenerife;3;Ketti;Bríet;Rétt;Rangt;9;Rangt;Rangt;700;Sigrún Helga;1769;Í bíó;238;Rangt;637000;Rangt;6;Gói;0;Rangt;170;Rangt;3;2;Nei;STÆ203
Súkkulaði;10;iOS;6,5;Með einkabíl;Rangt;Rangt;Sólarferð á amerísku ströndina á Tenerife;2;Hunda;Bríet;Rétt;Rétt;7;Rangt;Rangt;690;Anna Helga;1768;Á ísrúnt;230;Rétt;1750000;Rétt;2;Sveppi;50000;Rangt;164;Rétt;5;3;Já;STÆ203
Jarðaberja;32;iOS;8;Með einkabíl;Rangt;Rangt;Skíðaferð til Selva í Ítalíu;2;Hunda;Bríet;Rétt;Rétt;9;Rangt;Rétt;527;Anna Helga;1737;Í fjallgöngu;238;Rangt;1480000;Rangt;5;Sveppi;17651;Rangt;167;Rangt;5;3;Já;STÆ203
Vanilla;5;iOS;3;Gangandi / skokkandi;Rangt;Rangt;Tónleikaferð til Roskilde í Danmörku;1;Hunda;Bríet;Rangt;Rangt;9;Rangt;Rangt;739;Sigrún Helga;1732;Á ísrúnt;320;Rétt;1500000;Rangt;2;Sveppi;35000;Rétt;160;Rétt;5;3;Já;STÆ203
Súkkulaði;45;iOS;8;Með einkabíl;Rangt;Rétt;Sólarferð á amerísku ströndina á Tenerife;2;Hunda;Aron Can;Rangt;Rangt;7;Rangt;Rangt;490;Anna Helga;1000;Á ísrúnt;250;Rétt;1200000;Rangt;2;Sveppi;70000;Rétt;160;Rangt;6;2;Já;STÆ203
Vanilla;7;iOS;8;Gangandi / skokkandi;Rétt;Rétt;Skíðaferð til Selva í Ítalíu;2;Hunda;Aron Can;Rétt;Rangt;5;Rétt;Rangt;759;Anna Helga;1750;Á ísrúnt;200;Rétt;1050000;Rétt;1;Sveppi;33630;Rangt;160;Rétt;2;4;Já;STÆ203
Vanilla;12;iOS;5;Gangandi / skokkandi;Rétt;Rétt;Skíðaferð til Selva í Ítalíu;5;Hunda;Bríet;Rétt;Rétt;10;Rétt;Rétt;500;Anna Helga;1740;Á kaffihús;200;Rangt;1200000;Rétt;2;Gói;16000;Rétt;165;Rangt;5;3;Já;STÆ203
Vanilla;20;iOS;5;Með einkabíl;Rangt;Rangt;Sólarferð á amerísku ströndina á Tenerife;1;Hunda;;Rétt;Rangt;7;Rangt;Rétt;300;Anna Helga;1920;Á kaffihús;89;Rétt;1000000;Rangt;2;Sveppi;12075;Rétt;175;Rangt;0;3;Já;STÆ203
Jarðaberja;15;iOS;7;Með einkabíl;Rangt;Rétt;Skíðaferð til Selva í Ítalíu;2;Hunda;Bríet;Rétt;Rétt;5;Rétt;Rétt;561;Anna Helga;1769;Á ísrúnt;200;Rétt;600000;Rangt;3;Sveppi;28,177;Rangt;174;Rétt;4;2;Já;STÆ203
Jarðaberja;22;iOS;8;Með einkabíl;Rétt;Rétt;Skíðaferð til Selva í Ítalíu;1;Ketti;Bríet;Rétt;Rangt;5;Rétt;Rétt;500;Anna Helga;1749;Á kaffihús;238;Rétt;600000;Rangt;2;Sveppi;38000;Rétt;172;Rétt;0;3;Já;STÆ203
Vanilla;30;iOS;8;Með einkabíl;Rétt;Rangt;Sólarferð á amerísku ströndina á Tenerife;2;Hunda;Aron Can;Rétt;Rangt;8;Rétt;Rétt;450;Anna Helga;1768;Á ísrúnt;238;Rangt;1100000;Rangt;4;Sveppi;16137;Rétt;171;Rétt;3;2;Já;STÆ203
Súkkulaði;15;iOS;4;Með einkabíl;Rangt;Rétt;Tónleikaferð til Roskilde í Danmörku;2;Hunda;Gugusar;Rétt;Rangt;8;Rétt;Rétt;500;Anna Helga;1000;Á kaffihús;45;Rangt;1000000;Rangt;1;Gói;20000;Rangt;188;Rétt;4;3;Já;STÆ203
Súkkulaði;20;iOS;7;Með einkabíl;Rétt;Rétt;Skíðaferð til Selva í Ítalíu;2;Ketti;Aron Can;Rétt;Rangt;8;Rangt;Rétt;1000;Anna Helga;1750;Á ísrúnt;230;Rétt;1000000;Rangt;4;Sveppi;36000;Rétt;170;Rangt;3;7;Já;STÆ203
Vanilla;45;iOS;6;Með einkabíl;Rangt;Rangt;Sólarferð á amerísku ströndina á Tenerife;2;Hunda;Aron Can;Rétt;Rétt;7;Rangt;Rangt;745;Anna Helga;1717;Á ísrúnt;253;Rétt;1234000;Rangt;3;Gói;41631;Rangt;165;Rétt;2;3;Já;STÆ203
Súkkulaði;3;iOS;9;Gangandi / skokkandi;Rangt;Rangt;Tónleikaferð til Roskilde í Danmörku;2;Hunda;Aron Can;Rétt;Rangt;8;Rangt;Rétt;759;Anna Helga;1769;Á ísrúnt;238;Rangt;1900000;Rangt;2;Sveppi;17298;Rangt;170;Rétt;4;2,5;Já;STÆ203
Vanilla;13;Android;7;Með einkabíl;Rétt;Rangt;Sólarferð á amerísku ströndina á Tenerife;2;Hunda;Aron Can;Rangt;Rangt;9;Rangt;Rangt;;Anna Helga;1789;Á kaffihús;230;Rétt;1000000;Rangt;2;Gói;44400;Rangt;175;Rangt;3;3;Já;STÆ203
Súkkulaði;25;iOS;5;Með strætó;Rétt;Rétt;Sólarferð á amerísku ströndina á Tenerife;1;Hunda;Gugusar;Rétt;Rangt;8;Rangt;Rétt;300;Anna Helga;1860;Á ísrúnt;120;Rétt;100000;Rangt;1;Sveppi;16000;Rétt;167;Rangt;0;2,3;Já;STÆ203
Súkkulaði;15;iOS;3;Með einkabíl;Rétt;Rangt;Tónleikaferð til Roskilde í Danmörku;5;Ketti;Aron Can;Rétt;Rétt;9;Rangt;Rétt;550;Anna Helga;1792;Á ísrúnt;200;Rétt;900000;Rétt;2;Sveppi;36000;Rétt;1,68;Rétt;1;2;Já;STÆ203
Vanilla;4;iOS;8;Með einkabíl;Rétt;Rangt;Tónleikaferð til Roskilde í Danmörku;2;Hunda;Aron Can;Rétt;Rétt;7;Rétt;Rétt;650;Anna Helga;1878;Á ísrúnt;236;Rétt;900000;Rétt;3;Sveppi;35000;Rétt;168;Rétt;6;2;Já;STÆ203
Súkkulaði;15;iOS;8,5;Með einkabíl;Rangt;Rangt;Sólarferð á amerísku ströndina á Tenerife;2;Hunda;Aron Can;Rétt;Rétt;8;Rangt;Rétt;700;Anna Helga;1780;Á ísrúnt;280;Rétt;800000;Rangt;3;Gói;25800;Rétt;170;Rétt;4;2;Já;STÆ203
Jarðaberja;20;iOS;;Með einkabíl;Rétt;Rétt;Skíðaferð til Selva í Ítalíu;6;Ketti;Aron Can;Rétt;Rétt;2;Rangt;Rangt;519;Anna Helga;1729;Á ísrúnt;140;Rangt;1000000;Rangt;1;Sveppi;96800;Rangt;175;Rangt;6;3;Nei;STÆ203
Súkkulaði;16;iOS;4;Með einkabíl;Rétt;Rétt;Tónleikaferð til Roskilde í Danmörku;3;Ketti;Bríet;Rétt;Rétt;8;Rangt;Rétt;800;Anna Helga;1770;Á kaffihús;60;Rétt;1,5;Rétt;3;Gói;19000;Rétt;170;Rétt;0;2;Já;STÆ203
Vanilla;30;iOS;5;Með einkabíl;Rétt;Rétt;Sólarferð á amerísku ströndina á Tenerife;2;Hunda;Aron Can;Rétt;Rangt;3;Rangt;Rétt;345;Anna Helga;1769;Á kaffihús;238;Rétt;840000;Rangt;4;Villi;15700;Rétt;169;Rétt;2;2;Já;STÆ203
Vanilla;7;iOS;7;Með einkabíl;Rangt;Rétt;Sólarferð á amerísku ströndina á Tenerife;1;Hunda;Aron Can;Rétt;Rétt;8;Rétt;Rétt;618;Anna Helga;1867;Á ísrúnt;317;Rangt;800000;Rétt;2;Sveppi;189;Rétt;156;Rétt;4;2;Já;STÆ203
Vanilla;10;iOS;9;Með einkabíl;Rangt;Rétt;Sólarferð á amerísku ströndina á Tenerife;2;Hunda;Aron Can;Rangt;Rangt;9;Rangt;Rétt;600;Anna Helga;1700;Á ísrúnt;100;Rétt;1500000;Rangt;3;Sveppi;50000;Rangt;170;Rétt;5;2;Já;STÆ203
Súkkulaði;5;iOS;7;Gangandi / skokkandi;Rétt;Rangt;Sólarferð á amerísku ströndina á Tenerife;2;Ketti;Bríet;Rétt;Rangt;8;Rétt;Rangt;595;Anna Helga;1765;Á kaffihús;238;Rétt;1400000;Rétt;0;Villi;2800;Rangt;186;Rétt;0;3;Já;STÆ203
Súkkulaði;8;Android;7;Með einkabíl;Rangt;Rétt;Skíðaferð til Selva í Ítalíu;2;Ketti;Gugusar;Rétt;Rangt;6;Rétt;Rétt;587;Anna Helga;1887;Á kaffihús;147;Rétt;1000000;Rangt;1;Sveppi;29000;Rangt;175;Rétt;0;2;Já;STÆ203
Vanilla;5;iOS;7;Með einkabíl;Rangt;Rétt;Skíðaferð til Selva í Ítalíu;3;Hunda;Aron Can;Rétt;Rangt;8;Rangt;Rétt;750;Anna Helga;1790;Í fjallgöngu;170;Rétt;2160000;Rangt;1;Sveppi;82000;Rétt;170;Rangt;6;2;Já;STÆ203
Jarðaberja;20;iOS;3;Með einkabíl;Rangt;Rétt;Skíðaferð til Selva í Ítalíu;1;Hunda;Bríet;Rétt;Rétt;7;Rétt;Rangt;1000;Anna Helga;1840;Á ísrúnt;80;Rétt;20000000;Rangt;2;Sveppi;20000;Rangt;170;Rangt;9;4;Já;STÆ203
Vanilla;20;iOS;7,5;Með strætó;Rétt;Rétt;Sólarferð á amerísku ströndina á Tenerife;2;Ketti;Aron Can;Rétt;Rangt;10;Rétt;Rangt;450;Anna Helga;1751;Á ísrúnt;265;Rangt;1500000;Rétt;0;Villi;43967;Rangt;179;Rétt;3;3;Já;STÆ203
Vanilla;30;iOS;10;Með einkabíl;Rétt;Rangt;Skíðaferð til Selva í Ítalíu;4;Hunda;Aron Can;Rétt;Rangt;6;Rangt;Rangt;400;Sigrún Helga;1400;Í fjallgöngu;120;Rétt;1000000;Rangt;5;Sveppi;21000;Rangt;178;Rétt;0;2;Já;STÆ203
Súkkulaði;20;iOS;7;Með einkabíl;Rangt;Rangt;Skíðaferð til Selva í Ítalíu;2;Hunda;Bríet;Rétt;Rangt;8;Rangt;Rétt;450;Anna Helga;1900;Á ísrúnt;300;Rangt;1000000;Rangt;4;Sveppi;25000;Rétt;165;Rétt;6;2;Já;STÆ203
Súkkulaði;15;iOS;7;Með einkabíl;Rétt;Rangt;Skíðaferð til Selva í Ítalíu;1;Hunda;Aron Can;Rétt;Rétt;7;Rétt;Rétt;399;Sigrún Helga;1769;Í fjallgöngu;130;Rangt;1400000;Rangt;2;Sveppi;2000;Rangt;1,7;Rangt;5;4;Já;STÆ203
Jarðaberja;40;Android;5;Með einkabíl;Rangt;Rétt;Sólarferð á amerísku ströndina á Tenerife;5;Hunda;Bríet;Rétt;Rangt;7;Rétt;Rangt;715;Anna Helga;1769;Á ísrúnt;120;Rétt;3451142;Rétt;2;Villi;1201;Rangt;168;Rétt;0;3;Já;STÆ203
Súkkulaði;21;iOS;7;Með strætó;Rangt;Rétt;Sólarferð á amerísku ströndina á Tenerife;2;Hunda;Bríet;Rétt;Rangt;2;Rangt;Rangt;300;Anna Helga;1560;Á kaffihús;140;Rétt;1200000;Rangt;1;Sveppi;5200;Rangt;167;Rétt;5;4;Já;STÆ203
Súkkulaði;30;Android;8;Með einkabíl;Rangt;Rangt;Skíðaferð til Selva í Ítalíu;2;Ketti;Aron Can;Rétt;Rangt;9;Rétt;Rétt;379;Anna Helga;1800;Á ísrúnt;200;Rétt;2500000;Rangt;3;Villi;59000;Rétt;159;Rétt;4;2;Já;STÆ203
Vanilla;10;iOS;7;Með einkabíl;Rétt;Rétt;Skíðaferð til Selva í Ítalíu;2;Hunda;Aron Can;Rétt;Rétt;5;Rétt;Rangt;495;Anna Helga;1650;Í fjallgöngu;190;Rangt;1500000;Rangt;4;Sveppi;42000;Rétt;169;Rétt;5;2;Já;STÆ203
Súkkulaði;25;iOS;9;Með einkabíl;Rangt;Rangt;Sólarferð á amerísku ströndina á Tenerife;3;Hunda;Aron Can;Rétt;Rangt;10;Rétt;Rangt;759;Anna Helga;1769;Á ísrúnt;278;Rangt;1900000;Rangt;3;Gói;28570;Rétt;170;Rangt;0;2;Já;STÆ203
Vanilla;60;iOS;7;Með einkabíl;Rangt;Rétt;Sólarferð á amerísku ströndina á Tenerife;4;Hunda;Aron Can;Rétt;Rangt;8;Rétt;Rangt;785;Anna Helga;1701;Á ísrúnt;200;Rétt;1200000;Rangt;4;Gói;54486;Rangt;175;Rétt;4;2;Já;STÆ203
Vanilla;30;iOS;6;Með einkabíl;Rétt;Rangt;Skíðaferð til Selva í Ítalíu;1;Hunda;Aron Can;Rétt;Rétt;8;Rangt;Rétt;649;Anna Helga;1756;Á kaffihús;120;Rangt;800000;Rangt;5;Gói;45000;Rétt;163;Rétt;4;2,5;Já;STÆ203
Súkkulaði;5;iOS;7;Með einkabíl;Rangt;Rétt;Tónleikaferð til Roskilde í Danmörku;1;Hunda;Aron Can;Rétt;Rétt;10;Rétt;Rétt;600;Anna Helga;1769;Á ísrúnt;240;Rétt;1500000;Rétt;1;Sveppi;72432;Rétt;165;Rangt;0;3;Já;STÆ203
Súkkulaði;;iOS;7;Með einkabíl;Rangt;Rétt;Sólarferð á amerísku ströndina á Tenerife;3;Ketti;Aron Can;Rétt;Rétt;9;Rétt;Rétt;259;Anna Helga;1870;Í fjallgöngu;210;Rétt;1500000;Rangt;3;Sveppi;50000;Rangt;159;Rétt;4;2;Já;STÆ203
Jarðaberja;15;iOS;6;Með einkabíl;Rangt;Rétt;Sólarferð á amerísku ströndina á Tenerife;2;Ketti;Aron Can;Rétt;Rangt;10;Rangt;Rangt;700;Anna Helga;1769;Á kaffihús;220;Rétt;1,4;Rangt;3;Gói;20000;Rétt;169;Rétt;5;2;Nei;STÆ203
Jarðaberja;20;iOS;7;Með einkabíl;Rangt;Rétt;Skíðaferð til Selva í Ítalíu;2;Ketti;Aron Can;Rétt;Rétt;8;Rétt;Rangt;259;Sigrún Helga;1867;Á ísrúnt;250;Rétt;700000;Rétt;3;Sveppi;180000;Rétt;169;Rangt;3;5;Já;STÆ203
Vanilla;10;iOS;7;Gangandi / skokkandi;Rangt;Rétt;Sólarferð á amerísku ströndina á Tenerife;2;Hunda;Aron Can;Rétt;Rangt;0;Rétt;Rangt;649;Sigrún Helga;1769;Á ísrúnt;278;Rangt;1300000;Rétt;4;Sveppi;40000;Rangt;170;Rétt;3;2;Nei;STÆ203
Jarðaberja;38;Android;6;Með strætó;Rétt;Rétt;Tónleikaferð til Roskilde í Danmörku;4;Ketti;Bríet;Rétt;Rangt;9;Rangt;Rangt;430;Anna Helga;1770;Á kaffihús;200;Rangt;1200000;Rangt;0;Villi;35000;Rangt;170;Rétt;5;4;Já;STÆ203
Súkkulaði;20;iOS;8;Með einkabíl;Rétt;Rétt;Tónleikaferð til Roskilde í Danmörku;3;Hunda;Gugusar;Rétt;Rétt;8;Rétt;Rétt;750;Anna Helga;1769;Í fjallgöngu;238;Rétt;750000;Rétt;2;Gói;150000;Rangt;175;Rétt;0;3;Já;STÆ203
Súkkulaði;12;iOS;1;Með einkabíl;Rangt;Rétt;Skíðaferð til Selva í Ítalíu;3;Hunda;Aron Can;Rétt;Rétt;10;Rangt;Rétt;650;Anna Helga;1804;Á kaffihús;84;Rétt;1500000;Rétt;4;Sveppi;67000;Rangt;169;Rétt;3;3;Já;STÆ203
Jarðaberja;20;iOS;8;Með einkabíl;Rangt;Rétt;Skíðaferð til Selva í Ítalíu;4;Hunda;Aron Can;Rétt;Rétt;0;Rétt;Rétt;782;Sigrún Helga;1940;Á kaffihús;150;Rangt;2500000;Rangt;2;Sveppi;50000000;Rétt;165;Rétt;4;4;Já;STÆ203
Súkkulaði;25;iOS;7;Gangandi / skokkandi;Rétt;Rétt;Tónleikaferð til Roskilde í Danmörku;1;Hunda;Bríet;Rétt;Rangt;3;Rangt;Rétt;600;Anna Helga;1760;Á ísrúnt;150;Rétt;1200000;Rangt;3;Villi;40000;Rétt;164;Rétt;0;3,5;Já;STÆ203
Súkkulaði;25;iOS;6;Með strætó;Rangt;Rétt;Tónleikaferð til Roskilde í Danmörku;3;Ketti;Aron Can;Rétt;Rangt;8;Rangt;Rangt;453;Anna Helga;1873;Í fjallgöngu;154;Rétt;1400000;Rangt;2;Villi;3408;Rangt;172;Rétt;3;4;Nei;STÆ203
Súkkulaði;15;Android;7;Með einkabíl;Rangt;Rangt;Skíðaferð til Selva í Ítalíu;3;Ketti;Gugusar;Rétt;Rangt;9;Rétt;Rétt;599;Sigrún Helga;1850;Á kaffihús;200;Rangt;1500000;Rangt;3;Sveppi;1000;Rangt;160;Rétt;0;4;Já;STÆ203
Súkkulaði;2;Android;9;Gangandi / skokkandi;Rétt;Rétt;Sólarferð á amerísku ströndina á Tenerife;3;Hunda;Bríet;Rangt;Rangt;5;Rangt;Rétt;750;Anna Helga;1856;Á ísrúnt;250;Rétt;1500000;Rangt;1;Sveppi;0;Rétt;162;Rétt;0;2;Já;STÆ203
Jarðaberja;10;Android;6;Gangandi / skokkandi;Rangt;Rangt;Sólarferð á amerísku ströndina á Tenerife;2;Hunda;Bríet;Rétt;Rangt;9;Rangt;Rangt;489;Anna Helga;1789;Á kaffihús;200;Rétt;1200000;Rangt;1;Villi;36603;Rangt;173;Rétt;0;4;Já;STÆ203
Jarðaberja;15;iOS;8;Með einkabíl;Rangt;Rangt;Sólarferð á amerísku ströndina á Tenerife;2;Ketti;Aron Can;Rétt;Rangt;4;Rétt;Rétt;600;Anna Helga;1700;Á ísrúnt;200;Rétt;900000;Rangt;4;Sveppi;30000;Rangt;175;Rangt;2;3;Já;STÆ203
Súkkulaði;15;iOS;8;Með einkabíl;Rangt;Rétt;Sólarferð á amerísku ströndina á Tenerife;2;Hunda;Bríet;Rétt;Rangt;9;Rétt;Rangt;399;Anna Helga;1769;Á ísrúnt;234;Rétt;550000;Rétt;4;Gói;69987;Rangt;174;Rangt;7;4;Já;STÆ203
Súkkulaði;10;Android;8;Gangandi / skokkandi;Rétt;Rétt;Sólarferð á amerísku ströndina á Tenerife;3;Hunda;Gugusar;Rangt;Rangt;7;Rétt;Rétt;750;Anna Helga;1589;Á ísrúnt;230;Rangt;1,5;Rangt;1;Sveppi;64000;Rétt;168;Rangt;4;2;Já;STÆ203
Súkkulaði;20;iOS;4;Með einkabíl;Rétt;Rétt;Skíðaferð til Selva í Ítalíu;2;Hunda;Aron Can;Rangt;Rétt;8;Rétt;Rangt;694;Anna Helga;1769;Á ísrúnt;214;Rétt;1300000;Rangt;2;Sveppi;39170;Rangt;170;Rétt;4;3;Já;STÆ203
Jarðaberja;70;iOS;6;Með strætó;Rangt;Rangt;Sólarferð á amerísku ströndina á Tenerife;5;Hunda;Aron Can;Rétt;Rangt;5;Rétt;Rangt;;Anna Helga;1750;Á ísrúnt;200;Rétt;2200000;Rangt;2;Sveppi;150000;Rangt;165;Rangt;4;2;Já;STÆ203
Súkkulaði;;iOS;3;Með strætó;Rétt;Rétt;Sólarferð á amerísku ströndina á Tenerife;6;Ketti;Bríet;Rétt;Rétt;5;Rétt;Rangt;500;Anna Helga;1850;Í fjallgöngu;264;Rétt;800000;Rangt;1;Villi;28000;Rangt;;Rétt;2;4;Nei;STÆ203
Vanilla;80;iOS;8;Með strætó;Rétt;Rangt;Skíðaferð til Selva í Ítalíu;1;Hunda;Aron Can;Rétt;Rétt;10;Rétt;Rétt;1200;Anna Helga;1888;Á kaffihús;200;Rétt;800000;Rangt;2;Sveppi;60000;Rétt;160;Rangt;0;3;Já;STÆ203
Vanilla;43;iOS;7;Með strætó;Rangt;Rétt;Skíðaferð til Selva í Ítalíu;2;Hunda;Aron Can;Rétt;Rangt;9;Rétt;Rétt;500;Anna Helga,Sigrún Helga;1820;Á kaffihús;220;Rétt;1900000;Rangt;2;Sveppi;11000;Rangt;160;Rétt;1;2;Nei;STÆ203
Vanilla;6;Android;7;Gangandi / skokkandi;Rétt;Rétt;Skíðaferð til Selva í Ítalíu;2;Ketti;Gugusar;Rétt;Rangt;10;Rangt;Rangt;620;Anna Helga,Sigrún Helga;1742;Í fjallgöngu;225;Rétt;1500000;Rangt;2;Villi;34684;Rétt;174;Rangt;4;3;Já;STÆ203
Súkkulaði;30;iOS;10;Með einkabíl;Rangt;Rétt;Tónleikaferð til Roskilde í Danmörku;6;Hunda;Aron Can;Rétt;Rétt;10;Rétt;Rétt;500;Sigrún Helga;1900;Á kaffihús;222;Rétt;1000000;Rangt;3;Sveppi;48257;Rétt;171;Rangt;0;2;Já;STÆ203
Súkkulaði;20;iOS;7;Með strætó;Rangt;Rangt;Skíðaferð til Selva í Ítalíu;1;Ketti;Aron Can;Rétt;Rétt;8;Rangt;Rétt;499;Sigrún Helga;1811;Á kaffihús;225;Rangt;1105934;Rangt;2;Gói;391856;Rétt;179;Rangt;4;3;Já;STÆ203
Súkkulaði;25;iOS;7;Með einkabíl;Rétt;Rétt;Sólarferð á amerísku ströndina á Tenerife;1;Ketti;Bríet;Rétt;Rétt;8;Rangt;Rétt;689;Sigrún Helga;1450;Á kaffihús;225;Rangt;790000;Rangt;3;Sveppi;17000;Rétt;172;Rangt;3;3;Já;STÆ203
Súkkulaði;25;Android;3;Með einkabíl;Rétt;Rétt;Skíðaferð til Selva í Ítalíu;1;Hunda;Bríet;Rétt;Rangt;10;Rangt;Rangt;800;Anna Helga,Sigrún Helga;1769;Á ísrúnt;222;Rétt;1300000;Rangt;1;Sveppi;40000;Rangt;169;Rangt;1;3;Já;STÆ203
Súkkulaði;20;Android;7;Með einkabíl;Rétt;Rétt;Tónleikaferð til Roskilde í Danmörku;8;Hunda;Bríet;Rétt;Rétt;8;Rangt;Rétt;250;Sigrún Helga;1597;Á kaffihús;250;Rangt;1700000;Rangt;514897634;Gói;46345;Rangt;165;Rétt;0;4;Já;STÆ203
Súkkulaði;0;Android;7;Á annan hátt;Rétt;Rangt;Skíðaferð til Selva í Ítalíu;3;Ketti;Gugusar;Rétt;Rangt;8;Rétt;Rangt;450;Anna Helga;1790;Á kaffihús;67;Rétt;1500000;Rangt;0;Gói;19682;Rangt;168;Rétt;1;2;Já;STÆ203
Jarðaberja;70;iOS;7;Með strætó;Rangt;Rétt;Tónleikaferð til Roskilde í Danmörku;5;Ketti;Gugusar;Rétt;Rétt;6;Rangt;Rangt;645;Sigrún Helga;1875;Á ísrúnt;150;Rétt;700000;Rétt;2;Gói;28048;Rangt;166;Rétt;3;2;Já;STÆ203
Súkkulaði;6;Android;6;Gangandi / skokkandi;Rétt;Rétt;Skíðaferð til Selva í Ítalíu;2;Hunda;Bríet;Rétt;Rangt;10;Rétt;Rétt;620;Anna Helga;1492;Á kaffihús;180;Rétt;2300000;Rangt;2;Villi;40000;Rangt;192;Rétt;3;3;Já;STÆ203
Vanilla;20;iOS;8;Með einkabíl;Rangt;Rétt;Skíðaferð til Selva í Ítalíu;2;Hunda;Aron Can;Rétt;Rétt;8;Rangt;Rétt;600;Sigrún Helga;1769;Á ísrúnt;180;Rangt;1200000;Rétt;3;Sveppi;1;Rétt;160;Rétt;5;2;Já;STÆ203
Súkkulaði;20;iOS;1;Með einkabíl;Rétt;Rangt;Skíðaferð til Selva í Ítalíu;1;Hunda;Aron Can;Rangt;Rangt;4;Rétt;Rangt;600;Anna Helga;1769;Á kaffihús;200;Rangt;1500000;Rétt;2;Villi;8105;Rangt;169;Rétt;0;5;Já;STÆ209
Súkkulaði;30;Android;6;Með einkabíl;Rétt;Rétt;Skíðaferð til Selva í Ítalíu;3;Hunda;Gugusar;Rangt;Rétt;7;Rangt;Rétt;200;Sigrún Helga;1841;Á kaffihús;90;Rétt;1200000;Rangt;1;Sveppi;10000;Rétt;154;Rétt;5;2;Já;STÆ209
Súkkulaði;10;iOS;8,5;Með einkabíl;Rangt;Rétt;Tónleikaferð til Roskilde í Danmörku;2;Hunda;Bríet;Rétt;Rétt;8,5;Rangt;Rangt;650;Anna Helga;1750;Á kaffihús;200;Rétt;1600000;Rétt;3;Sveppi;19826;Rangt;167;Rétt;3;3;Já;STÆ209
Vanilla;50;iOS;8;Með einkabíl;Rétt;Rétt;Sólarferð á amerísku ströndina á Tenerife;4;Hunda;Bríet;Rétt;Rétt;6;Rétt;Rangt;900;Sigrún Helga;1813;Á ísrúnt;40;Rangt;2300000;Rétt;3;Sveppi;41822;Rangt;173;Rétt;1;2;Já;STÆ209
Vanilla;0;iOS;0;Á annan hátt;Rangt;Rangt;Sólarferð á amerísku ströndina á Tenerife;4;Ketti;Aron Can;Rétt;Rétt;9;Rangt;Rangt;396;Anna Helga;1700;Á ísrúnt;231;Rangt;2500000;Rétt;2;Sveppi;10936;Rangt;1,73;Rétt;3;2;Já;STÆ209
Jarðaberja;10;iOS;5;Með einkabíl;Rétt;Rétt;Sólarferð á amerísku ströndina á Tenerife;2;Ketti;Aron Can;Rétt;Rétt;5;Rangt;Rétt;450;Anna Helga;1750;Á kaffihús;213;Rangt;1500000;Rangt;2;Gói;26892;Rétt;170;Rangt;2;4;Já;STÆ209
Jarðaberja;0;Android;8;Á annan hátt;Rétt;Rangt;Sólarferð á amerísku ströndina á Tenerife;1;Hunda;Bríet;Rangt;Rangt;4;Rangt;Rangt;379;Anna Helga;1718;Á ísrúnt;150;Rétt;550000;Rangt;2;Sveppi;53362;Rangt;179;Rangt;0;2;Nei;STÆ209
Súkkulaði;7;iOS;7;Með einkabíl;Rangt;Rangt;Sólarferð á amerísku ströndina á Tenerife;2;Ketti;Gugusar;Rétt;Rangt;8;Rangt;Rétt;700;Anna Helga;1780;Í fjallgöngu;150;Rangt;1200000;Rangt;1;Sveppi;31398;Rétt;175;Rétt;5;3;Já;STÆ209
Jarðaberja;30;Android;6;Gangandi / skokkandi;Rangt;Rétt;Tónleikaferð til Roskilde í Danmörku;2;Hunda;Gugusar;Rétt;Rangt;4;Rangt;Rangt;650;Sigrún Helga;1750;Í bíó;150;Rangt;1500000;Rangt;0;Villi;53800;Rangt;165;Rétt;2;4;Já;STÆ209
Jarðaberja;30;iOS;3;Með strætó;Rangt;Rétt;Tónleikaferð til Roskilde í Danmörku;1;Ketti;Bríet;Rétt;Rétt;6;Rétt;Rétt;398;Sigrún Helga;1774;Á kaffihús;148;Rétt;3,5;Rangt;0;Sveppi;200000;Rétt;1,86;Rétt;6;2;Já;STÆ209
Súkkulaði;3;iOS;7;Gangandi / skokkandi;Rangt;Rangt;Tónleikaferð til Roskilde í Danmörku;2;Ketti;Bríet;Rétt;Rangt;8;Rangt;Rétt;798;Anna Helga;1742;Á kaffihús;93;Rangt;3000000;Rangt;1;Sveppi;5,8;Rangt;167;Rétt;6;2;Já;STÆ209
Súkkulaði;15;iOS;8;Með einkabíl;Rétt;Rétt;Tónleikaferð til Roskilde í Danmörku;3;Hunda;Bríet;Rangt;Rangt;3;Rangt;Rangt;;Anna Helga;1769;Á ísrúnt;150;Rétt;1500000;Rangt;3;Sveppi;30000;Rétt;165;Rétt;3;3;Já;STÆ209
Vanilla;50;iOS;8;Með einkabíl;Rangt;Rétt;Sólarferð á amerísku ströndina á Tenerife;2;Hunda;Aron Can;Rangt;Rangt;8;Rétt;Rétt;600;Anna Helga;1769;Á ísrúnt;30;Rangt;1000000;Rangt;1;Sveppi;30000;Rangt;170;Rétt;3;3;Já;STÆ209
Vanilla;35;iOS;9;Með strætó;Rangt;Rangt;Skíðaferð til Selva í Ítalíu;2;Ketti;Aron Can;Rétt;Rangt;7;Rangt;Rangt;575;Anna Helga;1800;Í fjallgöngu;60;Rétt;1200000;Rangt;2500000;Villi;19000;Rangt;178;Rétt;2;3,5;Já;STÆ209
Vanilla;5;Android;6;Gangandi / skokkandi;Rétt;Rangt;Sólarferð á amerísku ströndina á Tenerife;4;Hunda;Bríet;Rangt;Rangt;9;Rangt;Rangt;700;Anna Helga;1769;Á kaffihús;120;Rétt;1300000;Rangt;1;Sveppi;5;Rangt;173;Rétt;3;4;Já;STÆ209
Súkkulaði;25;Android;;Með strætó;Rétt;Rangt;Sólarferð á amerísku ströndina á Tenerife;2;Ketti;;Rétt;Rangt;7;Rangt;Rangt;450;Anna Helga;1780;Á ísrúnt;234;Rétt;1500000;Rangt;1;;0;Rétt;180;Rétt;0;3;Nei;STÆ209
Súkkulaði;20;Android;4;Með einkabíl;Rangt;Rétt;Skíðaferð til Selva í Ítalíu;3;Hunda;Bríet;Rétt;Rangt;4;Rétt;Rangt;400;Anna Helga;1820;Í fjallgöngu;180;Rangt;2000000;Rangt;3;Sveppi;150;Rangt;180;Rétt;2;2;Nei;STÆ209
Súkkulaði;50;Android;4;Með einkabíl;Rangt;Rangt;Skíðaferð til Selva í Ítalíu;3;Hunda;Aron Can;Rangt;Rangt;10;Rangt;Rangt;549;Anna Helga;1780;Á kaffihús;180;Rétt;1400000;Rangt;2;Sveppi;10565;Rangt;156;Rétt;0;2;Já;STÆ209
Vanilla;40;iOS;8;Með strætó;Rétt;Rétt;Sólarferð á amerísku ströndina á Tenerife;2;Ketti;Aron Can;Rétt;Rangt;9;Rangt;Rangt;565;Anna Helga;1756;Á kaffihús;63;Rangt;150000;Rangt;1;Sveppi;21876;Rétt;167;Rangt;0;3;Já;STÆ209
Súkkulaði;7;Android;7;Gangandi / skokkandi;Rangt;Rétt;Sólarferð á amerísku ströndina á Tenerife;2;Ketti;Aron Can;Rétt;Rétt;10;Rangt;Rangt;659;Anna Helga;1,98;Á kaffihús;118;Rétt;1,189,000;Rétt;0;Sveppi;6,248;Rangt;176;Rétt;7;5;Já;STÆ209
Vanilla;20;iOS;5;Með einkabíl;Rangt;Rangt;Skíðaferð til Selva í Ítalíu;1;Hunda;Aron Can;Rétt;Rétt;7;Rétt;Rétt;480;Anna Helga;1746;Á ísrúnt;150;Rangt;1000000;Rangt;3;Sveppi;20285;Rangt;170;Rétt;2;2;Já;STÆ209
Jarðaberja;20;iOS;5;Á hjóli / rafhlaupahjóli;Rétt;Rangt;Sólarferð á amerísku ströndina á Tenerife;2;Hunda;Gugusar;Rangt;Rangt;10;Rétt;Rangt;671;Anna Helga;1723;Á kaffihús;178;Rétt;1800000;Rangt;1;Sveppi;20958;Rétt;175;Rétt;0;3;Já;STÆ209
Súkkulaði;15;iOS;6;Með einkabíl;Rangt;Rétt;Sólarferð á amerísku ströndina á Tenerife;3;Hunda;Aron Can;Rangt;Rétt;7;Rangt;Rangt;600;Anna Helga;1760;Á ísrúnt;160;Rétt;1500000;Rétt;2;Villi;58272;Rangt;158;Rétt;6;2;Já;STÆ209
Súkkulaði;50;iOS;5;Með einkabíl;Rétt;Rétt;Tónleikaferð til Roskilde í Danmörku;2;Hunda;Aron Can;Rétt;Rangt;7;Rétt;Rangt;560;Anna Helga;1650;Á ísrúnt;120;Rétt;2800000;Rangt;1;Sveppi;7000;Rangt;172;Rétt;3;2;Já;STÆ209
Súkkulaði;20;Android;4;Með einkabíl;Rangt;Rétt;Tónleikaferð til Roskilde í Danmörku;2;Ketti;Bríet;Rétt;Rangt;3;Rangt;Rétt;700;Anna Helga;1700;Í fjallgöngu;80;Rétt;700000;Rétt;2;Sveppi;500;Rangt;169;Rétt;5;5;Já;STÆ209
Vanilla;4;iOS;7;Gangandi / skokkandi;Rangt;Rangt;Sólarferð á amerísku ströndina á Tenerife;7;Hunda;Aron Can;Rétt;Rétt;6;Rétt;Rétt;768;Anna Helga;1848;Á ísrúnt;120;Rétt;1200000;Rangt;3;Sveppi;26256;Rétt;191;Rangt;5;4;Já;STÆ209
Vanilla;3;iOS;6,5;Gangandi / skokkandi;Rétt;Rétt;Skíðaferð til Selva í Ítalíu;1;Hunda;Bríet;Rétt;Rétt;5;Rétt;Rétt;720;Anna Helga;1715;Á ísrúnt;72;Rangt;1,2;Rangt;0;Sveppi;16436;Rangt;168;Rétt;4;3;Já;STÆ209
Súkkulaði;5;iOS;2;Gangandi / skokkandi;Rangt;Rétt;Sólarferð á amerísku ströndina á Tenerife;3;Hunda;Aron Can;Rangt;Rangt;9;Rangt;Rangt;750;Anna Helga;1887;Á ísrúnt;120;Rangt;540000;Rangt;5;Sveppi;8225;Rangt;156;Rangt;0;3;Já;STÆ209
Vanilla;5;iOS;7;Gangandi / skokkandi;Rétt;Rétt;Sólarferð á amerísku ströndina á Tenerife;1;Hunda;Aron Can;Rangt;Rétt;7;Rétt;Rangt;550;Anna Helga;1895;Á ísrúnt;95;Rétt;550000;Rangt;5;Sveppi;34490;Rangt;169;Rangt;4;3;Já;STÆ209
Jarðaberja;5;iOS;6;Með einkabíl;Rangt;Rétt;Skíðaferð til Selva í Ítalíu;3;Hunda;Bríet;Rétt;Rangt;7;Rangt;Rétt;467;Anna Helga;1768;Á kaffihús;168;Rétt;1300000;Rangt;4;Sveppi;73355;Rangt;174;Rétt;3;5;Já;STÆ209
Súkkulaði;14;iOS;5;Með einkabíl;Rangt;Rétt;Skíðaferð til Selva í Ítalíu;1;Ketti;Bríet;Rétt;Rangt;9;Rangt;Rangt;750;Anna Helga;1845;Á ísrúnt;186;Rangt;1800000;Rangt;3;Sveppi;70493;Rétt;160;Rétt;1;4;Já;STÆ209
Jarðaberja;12;iOS;8;Gangandi / skokkandi;Rangt;Rangt;Tónleikaferð til Roskilde í Danmörku;2;Hunda;Bríet;Rétt;Rétt;7;Rangt;Rétt;487;Anna Helga;1821;Á ísrúnt;70;Rangt;700000;Rétt;1;Sveppi;28714;Rétt;183;Rétt;0;3;Já;STÆ209
Vanilla;20;Android;6;Með einkabíl;Rétt;Rétt;Skíðaferð til Selva í Ítalíu;2;Ketti;Bríet;Rétt;Rangt;7;Rangt;Rangt;459;Anna Helga;1769;Á kaffihús;140;Rétt;1300000;Rangt;2;Villi;6000;Rangt;168;Rangt;1;3;Já;STÆ209
Vanilla;10;iOS;8;Með strætó;Rétt;Rétt;Skíðaferð til Selva í Ítalíu;1;Hunda;Aron Can;Rangt;Rétt;6;Rangt;Rétt;750;Anna Helga;1810;Á ísrúnt;100;Rétt;2;Rangt;2;Sveppi;40000;Rétt;160;Rangt;3;4;Já;STÆ209
Vanilla;5;iOS;7;Gangandi / skokkandi;Rangt;Rétt;Skíðaferð til Selva í Ítalíu;1;Hunda;Aron Can;Rangt;Rangt;9;Rétt;Rangt;999;Anna Helga;1400;Á ísrúnt;100;Rétt;900000;Rangt;4;Sveppi;59,499;Rangt;157;Rétt;6;2;Já;STÆ209
Súkkulaði;20;iOS;2;Með strætó;Rangt;Rangt;Sólarferð á amerísku ströndina á Tenerife;6;Hunda;Aron Can;Rétt;Rangt;8;Rétt;Rétt;699;Anna Helga;1854;Á ísrúnt;160;Rangt;2000000;Rangt;3;Sveppi;0;Rétt;169;Rangt;2;2;Já;STÆ209
Vanilla;30;iOS;6;Með einkabíl;Rangt;Rétt;Skíðaferð til Selva í Ítalíu;4;Ketti;Gugusar;Rétt;Rétt;8;Rétt;Rangt;380;Anna Helga;1769;Á kaffihús;180;Rétt;1480000;Rangt;3;Gói;10000;Rangt;164;Rangt;3;2;Já;STÆ209
Súkkulaði;4;iOS;2;Gangandi / skokkandi;Rétt;Rétt;Tónleikaferð til Roskilde í Danmörku;3;Ketti;Gugusar;Rétt;Rangt;7,5;Rangt;Rangt;500;Anna Helga;1792;Í bíó;200;Rétt;750000;Rangt;0;Sveppi;8215;Rétt;187;Rétt;5;2;Já;STÆ209
Vanilla;15;iOS;5;Með einkabíl;Rétt;Rétt;Skíðaferð til Selva í Ítalíu;2;Hunda;Bríet;Rangt;Rétt;5;Rangt;Rangt;237;Anna Helga;1769;Í fjallgöngu;75;Rangt;1700000;Rangt;10;Sveppi;37000;Rangt;162;Rétt;4;4;Já;STÆ209
Súkkulaði;30;iOS;7;Með einkabíl;Rétt;Rétt;Sólarferð á amerísku ströndina á Tenerife;3;Hunda;Aron Can;Rétt;Rétt;4;Rétt;Rétt;500;Anna Helga;1756;Á kaffihús;88;Rangt;1500000;Rangt;2;Gói;16718;Rétt;173;Rétt;4;3;Já;STÆ209
Vanilla;40;Android;7,91;Með einkabíl;Rétt;Rangt;Sólarferð á amerísku ströndina á Tenerife;4;Ketti;Bríet;Rétt;Rangt;5;Rangt;Rangt;595;Anna Helga;1770;Á ísrúnt;187;Rétt;5000000;Rangt;2;Villi;16014;Rangt;160;Rangt;1;2;Já;STÆ209
Vanilla;15;iOS;7;Með einkabíl;Rétt;Rangt;Skíðaferð til Selva í Ítalíu;4;Ketti;Bríet;Rétt;Rangt;9;Rétt;Rétt;495;Anna Helga;1886;Á kaffihús;300;Rétt;400000;Rangt;3;Gói;54076;Rangt;156;Rangt;0;2;Nei;STÆ209
Súkkulaði;30;iOS;3;Með einkabíl;Rétt;Rétt;Tónleikaferð til Roskilde í Danmörku;3;Ketti;Aron Can;Rétt;Rangt;10;Rétt;Rétt;370;Anna Helga;1640;Á kaffihús;120;Rangt;1200000;Rétt;2;Gói;1000;Rétt;170;Rétt;4;1;Já;STÆ209
Súkkulaði;5;iOS;5;Gangandi / skokkandi;Rétt;Rangt;Tónleikaferð til Roskilde í Danmörku;4;Hunda;Gugusar;Rétt;Rangt;6;Rangt;Rétt;399;Anna Helga;1763;Á kaffihús;160;Rétt;1200000;Rangt;1;Sveppi;57000;Rangt;168;Rétt;4;3;Já;STÆ209
Súkkulaði;10;iOS;8;Gangandi / skokkandi;Rangt;Rangt;Sólarferð á amerísku ströndina á Tenerife;4;Hunda;Aron Can;Rangt;Rétt;6;Rétt;Rétt;649;Anna Helga;1775;Á ísrúnt;170;Rangt;1200000;Rangt;3;Sveppi;25000;Rangt;165;Rétt;3;2;Já;STÆ209
Vanilla;30;Android;6;Með einkabíl;Rangt;Rangt;Sólarferð á amerísku ströndina á Tenerife;1;Ketti;Gugusar;Rétt;Rangt;2;Rangt;Rétt;400;Anna Helga;1769;Á ísrúnt;100;Rétt;1500000;Rangt;2;Villi;130000;Rangt;150;Rétt;0;3;Já;STÆ209
Vanilla;10;Android;5;Með einkabíl;Rangt;Rétt;Sólarferð á amerísku ströndina á Tenerife;1;Hunda;Aron Can;Rangt;Rangt;6;Rangt;Rangt;1000;Anna Helga;1800;Á ísrúnt;100;Rétt;500000;Rangt;4;Sveppi;5000;Rétt;150;Rangt;7;3;Já;STÆ209
Vanilla;12;iOS;6;Með einkabíl;Rétt;Rangt;Sólarferð á amerísku ströndina á Tenerife;5;Ketti;Aron Can;Rétt;Rétt;7;Rétt;Rangt;400;Anna Helga;1498;Á ísrúnt;127;Rétt;1568493;Rangt;1;Gói;700;Rangt;156;Rétt;0;2;Já;STÆ209
Vanilla;14;iOS;7;Með strætó;Rétt;Rétt;Tónleikaferð til Roskilde í Danmörku;2;Ketti;Aron Can;Rétt;Rangt;8;Rangt;Rétt;400;Anna Helga;1730;Í fjallgöngu;200;Rétt;1300000;Rangt;1;Sveppi;50000;Rangt;178;Rangt;0;2;Nei;STÆ209
Vanilla;8;iOS;4;Á hjóli / rafhlaupahjóli;Rangt;Rangt;Skíðaferð til Selva í Ítalíu;3;Ketti;Gugusar;Rétt;Rangt;3;Rangt;Rangt;437;Anna Helga;1738;Á kaffihús;135;Rétt;900000;Rangt;1;Sveppi;28000;Rétt;172;Rétt;2;2;Já;STÆ209
Vanilla;15;iOS;7;Með einkabíl;Rangt;Rétt;Skíðaferð til Selva í Ítalíu;1;Hunda;Aron Can;Rétt;Rangt;8;Rangt;Rétt;400;Anna Helga;1794;Á kaffihús;150;Rangt;1200000;Rangt;3;Villi;23874;Rétt;178;Rangt;3;3;Já;STÆ209
Súkkulaði;10;Android;2;Með einkabíl;Rangt;Rétt;Sólarferð á amerísku ströndina á Tenerife;5;Hunda;Aron Can;Rangt;Rangt;9;Rangt;Rangt;350;Anna Helga;1930;Á ísrúnt;90;Rétt;1,5;Rangt;2;Sveppi;40000;Rangt;165;Rétt;7;4;Já;STÆ209
Súkkulaði;20;iOS;8;Með einkabíl;Rétt;Rétt;Tónleikaferð til Roskilde í Danmörku;2;Ketti;Gugusar;Rétt;Rangt;4;Rangt;Rétt;;Anna Helga;1766;Á kaffihús;90;Rétt;800000;Rangt;3;Sveppi;34000;Rétt;174;Rétt;5;4;Já;STÆ209
Vanilla;5;iOS;8;Með einkabíl;Rangt;Rangt;Tónleikaferð til Roskilde í Danmörku;1;Ketti;Bríet;Rétt;Rétt;8;Rétt;Rétt;1000;Sigrún Helga;1680;Á ísrúnt;210;Rangt;600000;Rétt;2;Sveppi;16000;Rangt;167;Rétt;1;2;Já;STÆ209
Jarðaberja;40;Android;9;Með strætó;Rétt;Rangt;Tónleikaferð til Roskilde í Danmörku;1;Hunda;Bríet;Rétt;Rangt;8;Rangt;Rangt;759;Anna Helga;1860;Í bíó;250;Rangt;1400000;Rangt;2;Sveppi;0;Rangt;170;Rangt;0;5;Já;STÆ209
Vanilla;11;iOS;0;Gangandi / skokkandi;Rétt;Rangt;Skíðaferð til Selva í Ítalíu;3;Ketti;Gugusar;Rétt;Rangt;7;Rétt;Rangt;800;Anna Helga;1750;Á kaffihús;100;Rétt;9000000;Rangt;0;Sveppi;12924;Rangt;164;Rétt;0;3;Já;STÆ209
Jarðaberja;15;iOS;9;Með einkabíl;Rétt;Rangt;Skíðaferð til Selva í Ítalíu;2;Ketti;Bríet;Rétt;Rétt;8;Rangt;Rangt;499;Anna Helga;1770;Í bíó;110;Rétt;1400000;Rangt;2;Sveppi;3000;Rangt;172;Rétt;1;4;Já;STÆ209
Súkkulaði;10;iOS;7;Gangandi / skokkandi;Rangt;Rétt;Sólarferð á amerísku ströndina á Tenerife;2;Hunda;Aron Can;Rétt;Rétt;5;Rétt;Rétt;759;Anna Helga;1300;Á ísrúnt;50;Rangt;800000;Rangt;3;Sveppi;0;Rangt;160;Rangt;5;4;Já;STÆ209
Súkkulaði;30;iOS;4;Með einkabíl;Rangt;Rétt;Skíðaferð til Selva í Ítalíu;1;Ketti;Bríet;Rétt;Rangt;4;Rangt;Rangt;598;Anna Helga;1752;Á ísrúnt;80;Rétt;1450000;Rangt;2;Sveppi;1200;Rangt;172;Rétt;2;3;Já;STÆ209
Súkkulaði;5;iOS;5;Gangandi / skokkandi;Rangt;Rétt;Sólarferð á amerísku ströndina á Tenerife;3;Hunda;Aron Can;Rétt;Rétt;8;Rangt;Rétt;479;Anna Helga;1610;Á kaffihús;150;Rangt;1200000;Rangt;1;Sveppi;8982;Rangt;167;Rétt;6;3;Já;STÆ209
Jarðaberja;5;iOS;7;Með einkabíl;Rangt;Rétt;Skíðaferð til Selva í Ítalíu;2;Hunda;Bríet;Rétt;Rangt;10;Rétt;Rétt;499;Anna Helga;1798;Á ísrúnt;197;Rétt;1200000;Rangt;3;Sveppi;1200;Rétt;157;Rétt;7;4;Nei;STÆ209
Súkkulaði;10;iOS;5;Með strætó;Rétt;Rétt;Skíðaferð til Selva í Ítalíu;1;Hunda;Bríet;Rétt;Rangt;9;Rétt;Rangt;800;Anna Helga;1770;Á kaffihús;75;Rangt;2;Rangt;1;Sveppi;29443;Rétt;169;Rangt;3;3;Já;STÆ209
Vanilla;25;iOS;6;Með einkabíl;Rétt;Rétt;Tónleikaferð til Roskilde í Danmörku;5;Ketti;Bríet;Rétt;Rangt;8;Rétt;Rétt;500;Anna Helga;1745;Í fjallgöngu;187;Rétt;900000;Rangt;3;Gói;47000;Rétt;158;Rangt;1;3;Já;STÆ209
Súkkulaði;20;iOS;6;Með einkabíl;Rétt;Rétt;Sólarferð á amerísku ströndina á Tenerife;3;Hunda;Bríet;Rétt;Rétt;7;Rétt;Rangt;650;Anna Helga;1750;Á ísrúnt;60;Rangt;1000000;Rangt;3;Gói;40000;Rétt;160;Rétt;6;3;Já;STÆ209
Súkkulaði;50;iOS;6;Með einkabíl;Rangt;Rétt;Sólarferð á amerísku ströndina á Tenerife;4;Hunda;Aron Can;Rétt;Rétt;7;Rétt;Rangt;685;Sigrún Helga;1600;Á ísrúnt;60;Rangt;;Rangt;3;Gói;47000;Rangt;170;Rétt;6;4;Já;STÆ209
Súkkulaði;5;iOS;4;Með einkabíl;Rangt;Rangt;Sólarferð á amerísku ströndina á Tenerife;3;Hunda;Aron Can;Rangt;Rétt;5;Rangt;Rangt;764;Sigrún Helga;46;Á ísrúnt;67;Rétt;2000000;Rangt;1;Sveppi;34000;Rangt;167;Rangt;6;2;Já;STÆ209
Jarðaberja;7;iOS;6;Gangandi / skokkandi;Rangt;Rétt;Tónleikaferð til Roskilde í Danmörku;4;Ketti;Bríet;Rétt;Rétt;8;Rangt;Rangt;144;Anna Helga;1793;Á ísrúnt;112;Rétt;769000;Rangt;3;Villi;981;Rétt;190;Rétt;2;2;Já;STÆ209
Vanilla;5;iOS;7;Gangandi / skokkandi;Rangt;Rangt;Skíðaferð til Selva í Ítalíu;1;Ketti;Bríet;Rétt;Rangt;4;Rétt;Rétt;299;Anna Helga;1790;Á kaffihús;120;Rétt;1000000;Rangt;1;Sveppi;25000;Rangt;170;Rétt;1;3;Já;STÆ209
Súkkulaði;10;iOS;6;Með strætó;Rangt;Rétt;Skíðaferð til Selva í Ítalíu;2;Ketti;Bríet;Rétt;Rétt;7;Rétt;Rétt;890;Anna Helga;1460;Á kaffihús;200;Rangt;1700000;Rétt;0;Sveppi;1500;Rétt;168;Rétt;2;4;Já;STÆ209
Súkkulaði;10;Android;7;Á annan hátt;Rangt;Rangt;Skíðaferð til Selva í Ítalíu;2;Ketti;Gugusar;Rétt;Rangt;8;Rétt;Rangt;500;Anna Helga;1701;Á kaffihús;142;Rangt;2000000;Rangt;2;Sveppi;0;Rétt;172;Rétt;3;3;Já;STÆ209
Vanilla;4;iOS;8;Gangandi / skokkandi;Rétt;Rangt;Skíðaferð til Selva í Ítalíu;7;Hunda;Gugusar;Rétt;Rangt;10;Rangt;Rétt;599;Anna Helga;1786;Á ísrúnt;94;Rétt;1650000;Rangt;3;Sveppi;45000;Rangt;170;Rétt;7;2,5;Já;STÆ209
Súkkulaði;15;iOS;8;Með strætó;Rangt;Rétt;Tónleikaferð til Roskilde í Danmörku;6;Ketti;Bríet;Rétt;Rétt;9;Rangt;Rétt;995;Anna Helga;1816;Á kaffihús;105;Rétt;800000;Rétt;1;Gói;18175;Rangt;180;Rétt;0;3;Já;STÆ209
Jarðaberja;65;iOS;4;Með strætó;Rétt;Rangt;Skíðaferð til Selva í Ítalíu;2;Hunda;Bríet;Rétt;Rétt;3;Rétt;Rangt;500;Anna Helga;1700;Á kaffihús;101;Rangt;469000;Rangt;9876543;Sveppi;17355;Rangt;176;Rétt;2;2;Já;STÆ209
Vanilla;6;iOS;8;Með einkabíl;Rangt;Rangt;Skíðaferð til Selva í Ítalíu;2;Hunda;Aron Can;Rétt;Rangt;8;Rétt;Rétt;800;Anna Helga;1769;Á ísrúnt;90;Rétt;600000;Rangt;3;Gói;47000;Rétt;169;Rétt;4;3;Já;STÆ209
Jarðaberja;10;iOS;3;Með einkabíl;Rétt;Rangt;Sólarferð á amerísku ströndina á Tenerife;3;Hunda;Bríet;Rétt;Rétt;8;Rangt;Rangt;450;Anna Helga;452;Á ísrúnt;85;Rangt;700;Rangt;4;Sveppi;50000;Rangt;162;Rétt;0;3;Já;STÆ209
Vanilla;40;iOS;6;Með strætó;Rétt;Rangt;Tónleikaferð til Roskilde í Danmörku;1;Ketti;Gugusar;Rétt;Rangt;4;Rangt;Rangt;500;Sigrún Helga;1769;Á kaffihús;187;Rétt;1000000;Rangt;1;Sveppi;56711;Rangt;155;Rétt;0;3;Já;STÆ209
Súkkulaði;22;iOS;9;Með einkabíl;Rangt;Rétt;Sólarferð á amerísku ströndina á Tenerife;1;Ketti;Aron Can;Rétt;Rangt;6;Rangt;Rétt;789;Anna Helga;1763;Á kaffihús;98;Rétt;2000000;Rangt;3;Sveppi;78000;Rétt;168;Rétt;1;4;Já;STÆ209
Súkkulaði;4;Android;7;Með einkabíl;Rangt;Rangt;Sólarferð á amerísku ströndina á Tenerife;2;Ketti;Aron Can;Rétt;Rétt;8;Rétt;Rangt;700;Anna Helga,Sigrún Helga;1769;Á kaffihús;123;Rétt;1200000;Rangt;1;Sveppi;10000;Rangt;169;Rétt;4;2;Já;STÆ209
Vanilla;20;Android;8;Með strætó;Rétt;Rangt;Tónleikaferð til Roskilde í Danmörku;4;Ketti;Aron Can;Rétt;Rangt;9;Rangt;Rétt;1000;Anna Helga;1765;Á kaffihús;189;Rétt;2000000;Rangt;1;Sveppi;7200;Rétt;166;Rétt;2;3;Já;STÆ209
Súkkulaði;40;Android;8;Með strætó;Rangt;Rétt;Sólarferð á amerísku ströndina á Tenerife;2;Hunda;Bríet;Rétt;Rétt;8;Rangt;Rétt;1100;Anna Helga;1729;Á ísrúnt;189;Rangt;1700000;Rangt;2;Sveppi;39000;Rétt;164;Rangt;7;2;Já;STÆ209
Súkkulaði;16;iOS;9;Með einkabíl;Rangt;Rangt;Skíðaferð til Selva í Ítalíu;5;Hunda;Gugusar;Rétt;Rangt;8;Rangt;Rangt;760;Anna Helga;1769;Á kaffihús;105;Rétt;1500000;Rangt;1;Sveppi;45000;Rangt;169;Rétt;5;3;Já;STÆ209
Súkkulaði;30;iOS;7;Með einkabíl;Rangt;Rangt;Sólarferð á amerísku ströndina á Tenerife;2;Hunda;Bríet;Rétt;Rétt;6;Rangt;Rétt;359;Anna Helga;1457;Á kaffihús;80;Rétt;550000;Rangt;3;Gói;11520;Rétt;157;Rangt;0;2;Já;STÆ209
Vanilla;40;Android;5;Með strætó;Rangt;Rangt;Skíðaferð til Selva í Ítalíu;2;Ketti;Bríet;Rétt;Rangt;8;Rangt;Rangt;499;Anna Helga;1800;Á ísrúnt;130;Rétt;2000000;Rangt;2;Sveppi;120;Rétt;170;Rangt;0;2;Já;STÆ209
Jarðaberja;5;iOS;9;Gangandi / skokkandi;Rangt;Rétt;Sólarferð á amerísku ströndina á Tenerife;1;Ketti;Aron Can;Rétt;Rétt;7;Rangt;Rangt;599;Anna Helga;1749;Á kaffihús;200;Rangt;600000;Rangt;0;Gói;110000;Rétt;167;Rangt;0;3,5;Já;STÆ209
Súkkulaði;45;iOS;8;Með strætó;Rangt;Rangt;Tónleikaferð til Roskilde í Danmörku;3;Hunda;Gugusar;Rétt;Rangt;6;Rétt;Rangt;677;Anna Helga;1769;Á kaffihús;65;Rétt;700000;Rangt;3;Sveppi;40355;Rangt;169;Rangt;2;2;Já;STÆ209
Súkkulaði;30;iOS;5;Með strætó;Rétt;Rangt;Skíðaferð til Selva í Ítalíu;2;Hunda;Aron Can;Rétt;Rangt;8;Rangt;Rangt;300;Anna Helga,Sigrún Helga;1812;Á kaffihús;120;Rétt;890000;Rangt;1;Gói;5000;Rangt;170;Rétt;4;3;Já;STÆ209
Jarðaberja;35;Android;8;Með einkabíl;Rangt;Rangt;Skíðaferð til Selva í Ítalíu;3;Hunda;Bríet;Rétt;Rangt;9;Rétt;Rangt;350;Anna Helga;1830;Á kaffihús;180;Rétt;1500000;Rangt;1;Sveppi;10000;Rétt;90;Rétt;0;2;Já;STÆ209
Súkkulaði;4;Android;7;Gangandi / skokkandi;Rangt;Rangt;Skíðaferð til Selva í Ítalíu;1;Ketti;Bríet;Rangt;Rangt;9;Rangt;Rangt;800;Anna Helga;1760;Á kaffihús;120;Rétt;100000;Rangt;0;Sveppi;0;Rangt;162;Rétt;0;2;Nei;STÆ209
Jarðaberja;5;iOS;5;Með einkabíl;Rangt;Rangt;Sólarferð á amerísku ströndina á Tenerife;2;Hunda;Aron Can;Rangt;Rangt;9;Rangt;Rangt;299;Anna Helga;1819;Á kaffihús;150;Rétt;1500000;Rangt;1;Sveppi;0;Rangt;178;Rétt;4;3;Já;STÆ209
Vanilla;15;iOS;8;Með einkabíl;Rangt;Rangt;Skíðaferð til Selva í Ítalíu;2;Hunda;Bríet;Rétt;Rangt;10;Rangt;Rétt;300;Anna Helga;1600;Í bíó;100;Rétt;1000000;Rangt;3;Gói;9854;Rétt;167;Rangt;5;4;Já;STÆ209
Vanilla;5;Android;8;Með einkabíl;Rétt;Rétt;Tónleikaferð til Roskilde í Danmörku;9;Ketti;Gugusar;Rétt;Rangt;9;Rangt;Rangt;468;Anna Helga;1877;Á kaffihús;180;Rétt;700000;Rangt;1;Sveppi;62753;Rangt;154;Rétt;3;3;Já;STÆ209
Vanilla;10;Android;3;Með einkabíl;Rangt;Rétt;Tónleikaferð til Roskilde í Danmörku;3;Hunda;Gugusar;Rétt;Rangt;8;Rangt;Rangt;730;Sigrún Helga;1740;Á kaffihús;200;Rangt;1200000;Rangt;1;Sveppi;25636;Rangt;160;Rétt;5;5;Nei;STÆ209
Súkkulaði;25;iOS;8;Með einkabíl;Rétt;Rangt;Tónleikaferð til Roskilde í Danmörku;1;Hunda;Aron Can;Rétt;Rangt;8;Rétt;Rétt;650;Anna Helga;1750;Á kaffihús;187;Rangt;900000;Rétt;3;Sveppi;17860;Rétt;173;Rétt;0;3;Já;STÆ209
Súkkulaði;15;iOS;9;Með einkabíl;Rangt;Rétt;Skíðaferð til Selva í Ítalíu;1;Ketti;Aron Can;Rétt;Rétt;4;Rétt;Rétt;300;Anna Helga;1829;Á ísrúnt;200;Rétt;1000000;Rétt;2;Sveppi;9000;Rétt;176;Rangt;0;3;Já;STÆ209
Jarðaberja;15;Android;6;Með einkabíl;Rangt;Rétt;Skíðaferð til Selva í Ítalíu;3;Hunda;Bríet;Rétt;Rangt;5;Rétt;Rangt;415;Anna Helga;1769;Á kaffihús;191;Rangt;100000;Rangt;2;Villi;10000;Rangt;171;Rétt;0;2;Já;STÆ209
Vanilla;75;iOS;;Með strætó;Rangt;Rétt;Tónleikaferð til Roskilde í Danmörku;2;Ketti;;Rétt;Rangt;9;Rétt;Rangt;800;Anna Helga,Sigrún Helga;1777;Á ísrúnt;150;Rangt;600000;Rangt;2;;0;Rangt;185;Rétt;0;3;Já;STÆ209
Vanilla;3;iOS;6;Gangandi / skokkandi;Rétt;Rétt;Skíðaferð til Selva í Ítalíu;2;Hunda;Gugusar;Rétt;Rétt;2;Rétt;Rétt;400;Anna Helga;1736;Í fjallgöngu;178;Rangt;2100000;Rangt;0;Sveppi;12857;Rangt;167;Rétt;4;3;Já;STÆ209
Vanilla;25;Android;4;Með einkabíl;Rangt;Rangt;Tónleikaferð til Roskilde í Danmörku;1;Ketti;Gugusar;Rangt;Rangt;0;Rétt;Rangt;249;Anna Helga;;Á kaffihús;190;Rangt;900000;Rangt;2;Gói;31464;Rangt;200;Rétt;0;2;Já;STÆ209
Súkkulaði;20;Android;5;Með einkabíl;Rétt;Rétt;Skíðaferð til Selva í Ítalíu;2;Hunda;Bríet;Rétt;Rétt;6;Rétt;Rangt;700;Anna Helga;1780;Á kaffihús;200;Rétt;1000000;Rangt;1;Sveppi;14201;Rangt;170;Rétt;3;3;Nei;STÆ209
Súkkulaði;40;iOS;7;Með einkabíl;Rangt;Rétt;Sólarferð á amerísku ströndina á Tenerife;2;Hunda;Gugusar;Rétt;Rétt;7;Rétt;Rangt;300;Anna Helga;1750;Á kaffihús;50;Rétt;700000;Rétt;4;Sveppi;;Rangt;174;Rangt;0;2,5;Já;STÆ209
Súkkulaði;20;iOS;7;Með einkabíl;Rétt;Rétt;Tónleikaferð til Roskilde í Danmörku;1;Ketti;Aron Can;Rétt;Rangt;7,5;Rétt;Rétt;632;Anna Helga;1789;Á ísrúnt;96;Rangt;800000;Rangt;2;Sveppi;75000;Rangt;168;Rétt;2;2;Já;STÆ209
Vanilla;15;iOS;8;Með einkabíl;Rangt;Rétt;Sólarferð á amerísku ströndina á Tenerife;2;Ketti;Aron Can;Rétt;Rangt;9;Rangt;Rangt;400;Anna Helga;1759;Í bíó;238;Rétt;2000000;Rétt;2;Gói;19000;Rangt;160;Rétt;6;5;Já;STÆ209
Vanilla;7;iOS;6;Gangandi / skokkandi;Rétt;Rangt;Skíðaferð til Selva í Ítalíu;1;Hunda;Gugusar;Rétt;Rétt;8;Rétt;Rangt;;;1872;Á kaffihús;230;Rangt;1,5;Rangt;2;Sveppi;37000;Rangt;162;Rétt;3;2;Já;STÆ209
Vanilla;7;iOS;8;Á hjóli / rafhlaupahjóli;Rangt;Rétt;Sólarferð á amerísku ströndina á Tenerife;1;Ketti;Gugusar;Rétt;Rétt;6;Rangt;Rangt;850;Anna Helga;1701;Í bíó;120;Rétt;850000;Rangt;1;Sveppi;0;Rétt;168;Rétt;0;2;Já;STÆ209
